Key,Class
1,Keci
2,Keci
3,Keci
4,Keci
5,Keci
6,Keci
7,Keci
8,Bes
9,Keci
10,Keci
11,Keci
12,Keci
13,Keci
14,Keci
15,Keci
16,Bes
17,Keci
18,Keci
19,Keci
20,Keci
21,Bes
22,Keci
23,Bes
24,Keci
25,Keci
26,Keci
27,Keci
28,Keci
29,Keci
30,Keci
31,Keci
32,Keci
33,Bes
34,Keci
35,Keci
36,Keci
37,Keci
38,Keci
39,Keci
40,Keci
41,Keci
42,Keci
43,Keci
44,Keci
45,Keci
46,Keci
47,Keci
48,Keci
49,Keci
50,Keci
51,Keci
52,Keci
53,Keci
54,Keci
55,Keci
56,Keci
57,Keci
58,Keci
59,Keci
60,Keci
61,Keci
62,Keci
63,Keci
64,Keci
65,Keci
66,Keci
67,Keci
68,Keci
69,Keci
70,Keci
71,Keci
72,Keci
73,Keci
74,Keci
75,Keci
76,Bes
77,Bes
78,Keci
79,Bes
80,Keci
81,Keci
82,Keci
83,Keci
84,Keci
85,Bes
86,Keci
87,Keci
88,Keci
89,Keci
90,Keci
91,Keci
92,Keci
93,Keci
94,Keci
95,Keci
96,Keci
97,Keci
98,Keci
99,Keci
100,Keci
101,Keci
102,Keci
103,Keci
104,Keci
105,Keci
106,Keci
107,Keci
108,Keci
109,Keci
110,Keci
111,Keci
112,Keci
113,Keci
114,Keci
115,Keci
116,Keci
117,Keci
118,Keci
119,Keci
120,Keci
121,Keci
122,Keci
123,Keci
124,Bes
125,Keci
126,Keci
127,Keci
128,Keci
129,Keci
130,Keci
131,Keci
132,Keci
133,Keci
134,Keci
135,Keci
136,Keci
137,Keci
138,Keci
139,Keci
140,Keci
141,Keci
142,Keci
143,Bes
144,Keci
145,Keci
146,Keci
147,Keci
148,Keci
149,Keci
150,Keci
151,Bes
152,Keci
153,Bes
154,Keci
155,Keci
156,Keci
157,Keci
158,Keci
159,Keci
160,Keci
161,Keci
162,Keci
163,Keci
164,Keci
165,Keci
166,Keci
167,Keci
168,Keci
169,Bes
170,Bes
171,Bes
172,Bes
173,Keci
174,Keci
175,Bes
176,Bes
177,Bes
178,Keci
179,Bes
180,Keci
181,Bes
182,Bes
183,Bes
184,Bes
185,Keci
186,Keci
187,Bes
188,Keci
189,Bes
190,Bes
191,Bes
192,Bes
193,Keci
194,Bes
195,Bes
196,Keci
197,Bes
198,Bes
199,Bes
200,Bes
201,Bes
202,Bes
203,Bes
204,Bes
205,Keci
206,Bes
207,Keci
208,Bes
209,Bes
210,Bes
211,Bes
212,Keci
213,Keci
214,Bes
215,Bes
216,Bes
217,Bes
218,Bes
219,Bes
220,Keci
221,Bes
222,Bes
223,Bes
224,Bes
225,Bes
226,Bes
227,Bes
228,Bes
229,Keci
230,Bes
231,Bes
232,Bes
233,Bes
234,Bes
235,Bes
236,Bes
237,Bes
238,Bes
239,Bes
240,Keci
241,Bes
242,Keci
243,Keci
244,Bes
245,Bes
246,Bes
247,Bes
248,Keci
249,Bes
250,Keci
251,Bes
252,Keci
253,Keci
254,Bes
255,Bes
256,Bes
257,Keci
258,Bes
259,Bes
260,Keci
261,Bes
262,Bes
263,Bes
264,Bes
265,Bes
266,Keci
267,Keci
268,Bes
269,Bes
270,Keci
271,Keci
272,Keci
273,Keci
274,Keci
275,Keci
276,Keci
277,Keci
278,Keci
279,Keci
280,Keci
281,Keci
282,Keci
283,Keci
284,Keci
285,Keci
286,Keci
287,Keci
288,Keci
289,Keci
290,Keci
291,Keci
292,Keci
293,Keci
294,Keci
295,Keci
296,Keci
297,Keci
298,Keci
299,Keci
300,Keci
301,Keci
302,Bes
303,Keci
304,Keci
305,Bes
306,Bes
307,Keci
308,Bes
309,Bes
310,Bes
311,Bes
312,Keci
313,Bes
314,Bes
315,Bes
316,Keci
317,Bes
318,Bes
319,Keci
320,Bes
321,Bes
322,Bes
323,Bes
324,Bes
325,Keci
326,Bes
327,Bes
328,Bes
329,Keci
330,Bes
331,Bes
332,Bes
333,Bes
334,Bes
335,Bes
336,Bes
337,Keci
338,Keci
339,Bes
340,Keci
341,Bes
342,Bes
343,Bes
344,Keci
345,Bes
346,Bes
347,Keci
348,Bes
349,Bes
350,Bes
351,Keci
352,Bes
353,Keci
354,Bes
355,Bes
356,Bes
357,Bes
358,Bes
359,Bes
360,Keci
361,Bes
362,Bes
363,Bes
364,Bes
365,Keci
366,Bes
367,Keci
368,Bes
369,Bes
370,Keci
371,Bes
372,Bes
373,Bes
374,Bes
375,Bes
376,Bes
377,Bes
378,Bes
379,Keci
380,Bes
381,Keci
382,Bes
383,Bes
384,Bes
385,Keci
386,Bes
387,Bes
388,Keci
389,Keci
390,Bes
391,Keci
392,Bes
393,Keci
394,Bes
395,Bes
396,Bes
397,Bes
398,Keci
399,Bes
400,Bes
401,Bes
402,Bes
403,Bes
404,Bes
405,Bes
